arbitrage_rank,arbitrage_multiple,poecurrency_title,poecurrency_category,poecurrency_price_usd,poecurrency_stock,listing_quantity,scout_name,scout_category,scout_kind,scout_divine_price,listing_divine_value,scout_quantity,price_per_divine_usd,usd_per_divine,direct_divine_price_usd
1,3.1312,Perfect Essence of Thawing,Crafted Currency / Essences,0.0011,-1,1.0,Perfect Essence of Thawing,Essences,currency,0.068887,0.068887,20,0.015968,0.015968,0.05
2,2.6484,Essence of Delirium,Crafted Currency / Essences,0.022,-1,1.0,Essence of Delirium,Essences,currency,1.165279,1.165279,320,0.01888,0.01888,0.05
3,2.51,Omen of Chaotic Rarity,Crafted Currency / Ritual Omens,0.011,-1,1.0,Omen of Chaotic Rarity,Ritual Omens,currency,0.552197,0.552197,10540,0.01992,0.01992,0.05
4,2.3523,Perfect Essence of the Infinite,Crafted Currency / Essences,0.0033,-1,1.0,Perfect Essence of the Infinite,Essences,currency,0.155252,0.155252,1368,0.021256,0.021256,0.05
5,2.1437,Refined Sibilant Catalyst,Crafted Currency / Breach Catalysts,0.165,-1,1.0,Refined Sibilant Catalyst,Breach,currency,7.074163,7.074163,915,0.023324,0.023324,0.05
6,2.0732,Warding Rune of Stability,Socketable / Runes,0.01,-1,1.0,Warding Rune of Stability,Runes,currency,0.414632,0.414632,2,0.024118,0.024118,0.05
7,1.9318,Emergent Vigour,Socketable / Runes,0.24,-1,1.0,Emergent Vigour,Expedition Coinage & Artifacts,currency,9.272727,9.272727,11,0.025882,0.025882,0.05
8,1.8604,Refined Uul-Netol's Catalyst,Crafted Currency / Breach Catalysts,0.0055,-1,1.0,Refined Uul-Netol's Catalyst,Breach,currency,0.204647,0.204647,563,0.026876,0.026876,0.05
9,1.2644,Ancient Rune of Decay,Socketable / Runes,0.02,-1,1.0,Ancient Rune of Decay,Runes,currency,0.505759,0.505759,2,0.039545,0.039545,0.05
10,1.1718,Refined Carapace Catalyst,Crafted Currency / Breach Catalysts,0.011,-1,1.0,Refined Carapace Catalyst,Breach,currency,0.257794,0.257794,1601,0.04267,0.04267,0.05
11,1.116,Refined Tul's Catalyst,Crafted Currency / Breach Catalysts,0.011,-1,1.0,Refined Tul's Catalyst,Breach,currency,0.245519,0.245519,957,0.044803,0.044803,0.05
12,1.0806,Idol of Alira,Socketable / Idol,0.01,-1,1.0,Idol of Alira,Ritual Omens,currency,0.216117,0.216117,6,0.046271,0.046271,0.05
13,1.0804,Uhtred's Augury,Skill Gems & Support Gems / Lineage Support Gems,4.521,-1,1.0,Uhtred's Augury,Lineage Support Gems,currency,97.69355,97.69355,62,0.046277,0.046277,0.05
14,1.0746,Greater Essence of the Infinite,Crafted Currency / Essences,0.0008,-1,1.0,Greater Essence of the Infinite,Essences,currency,0.016548,0.016548,2,0.046531,0.046531,0.05
15,1.0714,Faded Crisis Fragment,Keys ＆ Maps / Pinnacle Boss Keys,0.495,-1,1.0,Faded Crisis Fragment,Fragments,currency,10.606483,10.606483,1181,0.04667,0.04667,0.05
16,1.037,Essence of Insulation,Crafted Currency / Essences,0.0055,-1,1.0,Essence of Insulation,Essences,currency,0.114065,0.114065,4,0.048218,0.048218,0.05
17,1.0,Divine Orb,Direct Divine Baseline,0.05,,1.0,Divine Orb,Currency,currency,1.0,1.0,,0.05,0.05,0.05
18,0.9236,Rune of Reach,Socketable / Runes,0.02,-1,1.0,Rune of Reach,Runes,currency,0.369422,0.369422,3,0.054139,0.054139,0.05
19,0.886,Uul-Netol's Embrace,Skill Gems & Support Gems / Lineage Support Gems,32.99,-1,1.0,Uul-Netol's Embrace,Lineage Support Gems,currency,584.5789,584.5789,19,0.056434,0.056434,0.05
20,0.8761,Refined Adaptive Catalyst,Crafted Currency / Breach Catalysts,0.011,-1,1.0,Refined Adaptive Catalyst,Breach,currency,0.192749,0.192749,849,0.057069,0.057069,0.05
21,0.8536,Refined Reaver Catalyst,Crafted Currency / Breach Catalysts,0.22,-1,1.0,Refined Reaver Catalyst,Breach,currency,3.755649,3.755649,1017,0.058578,0.058578,0.05
22,0.834,Atalui's Bloodletting,Skill Gems & Support Gems / Lineage Support Gems,0.253,-1,1.0,Atalui's Bloodletting,Lineage Support Gems,currency,4.220044,4.220044,66,0.059952,0.059952,0.05
23,0.8153,Perfect Essence of the Body,Crafted Currency / Essences,0.0013,-1,1.0,Perfect Essence of the Body,Essences,currency,0.021523,0.021523,144,0.06133,0.06133,0.05
24,0.7871,Uhtred's Exodus,Skill Gems & Support Gems / Lineage Support Gems,19.58,-1,1.0,Uhtred's Exodus,Lineage Support Gems,currency,308.2381,308.2381,21,0.063522,0.063522,0.05
25,0.779,Citaqualotl's Soul Core of Foulness,Socketable / Soul Cores,0.04,-1,1.0,Citaqualotl's Soul Core of Foulness,Soul Cores,currency,0.623162,0.623162,164,0.064189,0.064189,0.05
26,0.755,Emergent Possibility,Socketable / Runes,2.48,-1,1.0,Emergent Possibility,Expedition Coinage & Artifacts,currency,37.45,37.45,20,0.066222,0.066222,0.05
27,0.7415,Xopec's Soul Core of Power,Socketable / Soul Cores,0.53,-1,1.0,Xopec's Soul Core of Power,Soul Cores,currency,7.859877,7.859877,65,0.067431,0.067431,0.05
28,0.739,Deadly Fate,Keys ＆ Maps / Pinnacle Boss Keys,0.55,-1,1.0,Deadly Fate,Fragments,currency,8.128916,8.128916,345,0.06766,0.06766,0.05
29,0.7292,Uhtred's Omen,Skill Gems & Support Gems / Lineage Support Gems,1.507,-1,1.0,Uhtred's Omen,Lineage Support Gems,currency,21.979298,21.979298,96,0.068565,0.068565,0.05
30,0.7236,Victorious Fate,Keys ＆ Maps / Pinnacle Boss Keys,0.517,-1,1.0,Victorious Fate,Fragments,currency,7.482417,7.482417,291,0.069095,0.069095,0.05
31,0.702,Esh's Radiance,Skill Gems & Support Gems / Lineage Support Gems,7.535,-1,1.0,Esh's Radiance,Lineage Support Gems,currency,105.793106,105.793106,29,0.071224,0.071224,0.05
32,0.7006,Carved Majesty,Socketable / Runes,9.42,-1,1.0,Carved Majesty,Expedition Coinage & Artifacts,currency,132.0,132.0,12,0.071364,0.071364,0.05
33,0.6948,Ixchel's Torment,Skill Gems & Support Gems / Lineage Support Gems,0.396,-1,1.0,Ixchel's Torment,Lineage Support Gems,currency,5.50317,5.50317,30,0.071959,0.071959,0.05
34,0.6877,Atziri's Allure,Skill Gems & Support Gems / Lineage Support Gems,0.1331,-1,1.0,Atziri's Allure,Lineage Support Gems,currency,1.830696,1.830696,16,0.072705,0.072705,0.05
35,0.6749,Greater Ward Rune,Socketable / Runes,0.01,-1,1.0,Greater Ward Rune,Runes,currency,0.134977,0.134977,34,0.074087,0.074087,0.05
36,0.6472,Skittering Catalyst,Crafted Currency / Breach Catalysts,0.022,-1,1.0,Skittering Catalyst,Breach,currency,0.284778,0.284778,4684,0.077253,0.077253,0.05
37,0.6471,idol of Thruldana,Socketable / Idol,0.02,-1,1.0,Idol of Thruldana,Idols,currency,0.258824,0.258824,29,0.077273,0.077273,0.05
38,0.6427,Cowardly Fate,Keys ＆ Maps / Pinnacle Boss Keys,0.583,-1,1.0,Cowardly Fate,Fragments,currency,7.493859,7.493859,268,0.077797,0.077797,0.05
39,0.6313,Omen of Chaotic Quantity,Crafted Currency / Ritual Omens,0.044,-1,1.0,Omen of Chaotic Quantity,Ritual Omens,currency,0.555547,0.555547,12427,0.079201,0.079201,0.05
40,0.6235,Paquate's Pact,Skill Gems & Support Gems / Lineage Support Gems,0.0209,-1,1.0,Paquate's Pact,Lineage Support Gems,currency,0.260633,0.260633,8,0.080189,0.080189,0.05
41,0.595,Omen of Chance,Crafted Currency / Ritual Omens,3.08,-1,1.0,Omen of Chance,Ritual Omens,currency,36.650116,36.650116,127,0.084038,0.084038,0.05
42,0.5655,Thane Girt's Rune of Wildness,Socketable / Runes,0.01,-1,1.0,Thane Girt's Rune of Wildness,Runes,currency,0.113092,0.113092,12,0.088424,0.088424,0.05
43,0.5592,Kurgal's Gaze,Socketable / Gaze,2.94,-1,1.0,Kurgal's Gaze,Abyssal Bones,currency,32.878788,32.878788,33,0.089419,0.089419,0.05
44,0.5518,Omen of Chaotic Monsters,Crafted Currency / Ritual Omens,0.022,-1,1.0,Omen of Chaotic Monsters,Ritual Omens,currency,0.242804,0.242804,10245,0.090608,0.090608,0.05
45,0.5351,Omen of Dextral Erasure,Crafted Currency / Ritual Omens,1.177,-1,1.0,Omen of Dextral Erasure,Ritual Omens,currency,12.59571,12.59571,1271,0.093445,0.093445,0.05
46,0.5266,Omen of Dextral Annulment,Crafted Currency / Ritual Omens,1.177,-1,1.0,Omen of Dextral Annulment,Ritual Omens,currency,12.397268,12.397268,1062,0.09494,0.09494,0.05
47,0.5209,Uhtred's Saga,Keys ＆ Maps / Expedition Coinace &amp; Artifacts,0.11,-1,1.0,Uhtred's Saga,Expedition Coinage & Artifacts,currency,1.146025,1.146025,1027,0.095984,0.095984,0.05
48,0.5092,Omen of Whittling,Crafted Currency / Ritual Omens,1.21,-1,1.0,Omen of Whittling,Ritual Omens,currency,12.321546,12.321546,6471,0.098202,0.098202,0.05
49,0.4988,Cholotl's Soul Core of War,Socketable / Soul Cores,0.02,-1,1.0,Cholotl's Soul Core of War,Soul Cores,currency,0.199521,0.199521,84,0.10024,0.10024,0.05
50,0.4943,Lesser Essence of Abrasion,Crafted Currency / Essences,0.022,-1,1.0,Lesser Essence of Abrasion,Essences,currency,0.217493,0.217493,7,0.101153,0.101153,0.05
51,0.4925,Robust Rune,Socketable / Runes,0.03,-1,1.0,Robust Rune,Runes,currency,0.295472,0.295472,21,0.101532,0.101532,0.05
52,0.4817,Omen of Sinistral Annulment,Crafted Currency / Ritual Omens,1.837,-1,1.0,Omen of Sinistral Annulment,Ritual Omens,currency,17.697569,17.697569,1903,0.1038,0.1038,0.05
53,0.4441,Dialla's Desire,Skill Gems & Support Gems / Lineage Support Gems,31.636,-1,1.0,Dialla's Desire,Lineage Support Gems,currency,281.0,281.0,72,0.112584,0.112584,0.05
54,0.4298,Kalisa's Crescendo,Skill Gems & Support Gems / Lineage Support Gems,0.0297,-1,1.0,Kalisa's Crescendo,Lineage Support Gems,currency,0.255279,0.255279,10,0.116343,0.116343,0.05
55,0.4189,Arakaali's Lust,Skill Gems & Support Gems / Lineage Support Gems,0.0055,-1,1.0,Arakaali's Lust,Lineage Support Gems,currency,0.046083,0.046083,22,0.11935,0.11935,0.05
56,0.4133,Omen of Dextral Exaltation,Crafted Currency / Ritual Omens,0.0025,-1,1.0,Omen of Dextral Exaltation,Ritual Omens,currency,0.020911,0.020911,1895,0.120988,0.120988,0.05
57,0.4113,Omen of Sinistral Erasure,Crafted Currency / Ritual Omens,1.837,-1,1.0,Omen of Sinistral Erasure,Ritual Omens,currency,15.1114,15.1114,1208,0.121564,0.121564,0.05
58,0.3915,Xoph's Pyre,Skill Gems & Support Gems / Lineage Support Gems,4.521,-1,1.0,Xoph's Pyre,Lineage Support Gems,currency,35.4,35.4,20,0.127712,0.127712,0.05
59,0.3808,Warding Rune of Reinforcement,Socketable / Runes,0.02,-1,1.0,Warding Rune of Reinforcement,Runes,currency,0.152319,0.152319,120,0.131303,0.131303,0.05
60,0.3797,Omen of Answered Prayers,Crafted Currency / Ritual Omens,0.022,-1,1.0,Omen of Answered Prayers,Ritual Omens,currency,0.167083,0.167083,16,0.131671,0.131671,0.05
61,0.3742,Potent Liquid Ferocity,Crafted Currency / Distilled Items,0.429,-1,1.0,Potent Liquid Ferocity,Delirium,currency,3.210403,3.210403,1162,0.133628,0.133628,0.05
62,0.3561,Rigwald's Ferocity,Skill Gems & Support Gems / Lineage Support Gems,21.087,-1,1.0,Rigwald's Ferocity,Lineage Support Gems,currency,150.19179,150.19179,64,0.1404,0.1404,0.05
63,0.3555,Arbiter's Ignition,Skill Gems & Support Gems / Lineage Support Gems,0.451,-1,1.0,Arbiter's Ignition,Lineage Support Gems,currency,3.207028,3.207028,81,0.140629,0.140629,0.05
64,0.3532,Refined Skittering Catalyst,Crafted Currency / Breach Catalysts,0.033,-1,1.0,Refined Skittering Catalyst,Breach,currency,0.233126,0.233126,390,0.141555,0.141555,0.05
65,0.3504,Omen of Light,Crafted Currency / Ritual Omens,2.057,-1,1.0,Omen of Light,Ritual Omens,currency,14.417132,14.417132,5896,0.142677,0.142677,0.05
66,0.3476,Raven-Touched Shard,Socketable / Runes,14.87,-1,1.0,Raven-Touched Shard,Ritual Omens,currency,103.38721,103.38721,150,0.143828,0.143828,0.05
67,0.3455,Iron Rune,Socketable / Runes,0.03,-1,1.0,Iron Rune,Runes,currency,0.207319,0.207319,60,0.144705,0.144705,0.05
68,0.3454,Perfect Essence of Enhancement,Crafted Currency / Essences,0.011,-1,1.0,Perfect Essence of Enhancement,Essences,currency,0.075983,0.075983,2055,0.14477,0.14477,0.05
69,0.3446,Topotante's Soul Core of Dampening,Socketable / Soul Cores,0.01,-1,1.0,Topotante's Soul Core of Dampening,Soul Cores,currency,0.068919,0.068919,12,0.145098,0.145098,0.05
70,0.3431,Warding Rune of Heart,Socketable / Runes,0.02,-1,1.0,Warding Rune of Heart,Runes,currency,0.137252,0.137252,28,0.145718,0.145718,0.05
71,0.3375,Omen of the Blackblooded,Crafted Currency / Ritual Omens,0.033,-1,1.0,Omen of the Blackblooded,Ritual Omens,currency,0.222742,0.222742,288,0.148153,0.148153,0.05
72,0.3373,Ox idol,Socketable / Idol,0.01,-1,1.0,Ox Idol,Idols,currency,0.067455,0.067455,15,0.148248,0.148248,0.05
73,0.3326,Refined Flesh Catalyst,Crafted Currency / Breach Catalysts,0.033,-1,1.0,Refined Flesh Catalyst,Breach,currency,0.21953,0.21953,1206,0.150321,0.150321,0.05
74,0.326,Perfect Rebirth Rune,Socketable / Runes,0.45,-1,1.0,Perfect Rebirth Rune,Runes,currency,2.93432,2.93432,12,0.153357,0.153357,0.05
75,0.3222,Refined Xoph's Catalyst,Crafted Currency / Breach Catalysts,0.033,-1,1.0,Refined Xoph's Catalyst,Breach,currency,0.212643,0.212643,645,0.15519,0.15519,0.05
76,0.32,Omen of Dextral Crystallisation,Crafted Currency / Ritual Omens,0.066,-1,1.0,Omen of Dextral Crystallisation,Ritual Omens,currency,0.422369,0.422369,1669,0.156261,0.156261,0.05
77,0.3136,Perfect Essence of Opulence,Crafted Currency / Essences,0.011,-1,1.0,Perfect Essence of Opulence,Essences,currency,0.069001,0.069001,208,0.159418,0.159418,0.05
78,0.3131,Essence of Opulence,Crafted Currency / Essences,0.077,-1,1.0,Essence of Opulence,Essences,currency,0.482235,0.482235,4,0.159673,0.159673,0.05
79,0.3121,Aldur's Saga,Keys ＆ Maps / Expedition Coinace &amp; Artifacts,6.996,-1,1.0,Aldur's Saga,Expedition Coinage & Artifacts,currency,43.6679,43.6679,778,0.160209,0.160209,0.05
80,0.3118,Omen of Bartering,Crafted Currency / Ritual Omens,0.011,-1,1.0,Omen of Bartering,Ritual Omens,currency,0.068601,0.068601,6889,0.160347,0.160347,0.05
81,0.2983,Garukhan's Resolve,Skill Gems & Support Gems / Lineage Support Gems,89.166,-1,1.0,Garukhan's Resolve,Lineage Support Gems,currency,532.0141,532.0141,71,0.167601,0.167601,0.05
82,0.2807,Lesser Resolve Rune,Socketable / Runes,0.03,-1,1.0,Lesser Resolve Rune,Runes,currency,0.168412,0.168412,9,0.178135,0.178135,0.05
83,0.277,Omen of the Sovereign,Crafted Currency / Ritual Omens,0.0055,-1,1.0,Omen of the Sovereign,Ritual Omens,currency,0.030472,0.030472,74,0.180494,0.180494,0.05
84,0.2755,Sibilant Catalyst,Crafted Currency / Breach Catalysts,0.066,-1,1.0,Sibilant Catalyst,Breach,currency,0.363692,0.363692,7435,0.181472,0.181472,0.05
85,0.2738,Ancient Concentrated Liquid Isolation,Crafted Currency / Distilled Items,0.011,-1,1.0,Ancient Concentrated Liquid Isolation,Delirium,currency,0.060226,0.060226,41,0.182646,0.182646,0.05
86,0.2712,Omen of Secret Compartments,Crafted Currency / Ritual Omens,0.121,-1,1.0,Omen of Secret Compartments,Ritual Omens,currency,0.656381,0.656381,18,0.184344,0.184344,0.05
87,0.2705,Aldur's Legacy,Socketable / Legacy,52.68,-1,1.0,Aldur's Legacy,Runes,currency,285.0141,285.0141,71,0.184833,0.184833,0.05
88,0.2679,Refined Esh's Catalyst,Crafted Currency / Breach Catalysts,0.044,-1,1.0,Refined Esh's Catalyst,Breach,currency,0.23576,0.23576,798,0.18663,0.18663,0.05
89,0.2669,Perfect Resolve Rune,Socketable / Runes,0.45,-1,1.0,Perfect Resolve Rune,Runes,currency,2.40251,2.40251,17,0.187304,0.187304,0.05
90,0.2591,Charging Rune,Socketable / Runes,0.02,-1,1.0,Charging Rune,Runes,currency,0.103658,0.103658,1,0.192942,0.192942,0.05
91,0.2591,Lesser Charging Rune,Socketable / Runes,0.02,-1,1.0,Charging Rune,Runes,currency,0.103658,0.103658,1,0.192942,0.192942,0.05
92,0.2591,Ancient Potent Liquid Contempt,Crafted Currency / Distilled Items,0.825,-1,1.0,Ancient Potent Liquid Contempt,Delirium,currency,4.274783,4.274783,323,0.192992,0.192992,0.05
93,0.2574,Perfect Body Rune,Socketable / Runes,0.4,-1,1.0,Perfect Body Rune,Runes,currency,2.059425,2.059425,30,0.194229,0.194229,0.05
94,0.2561,Perfect Robust Rune,Socketable / Runes,0.45,-1,1.0,Perfect Robust Rune,Runes,currency,2.304502,2.304502,23,0.19527,0.19527,0.05
95,0.2515,Neural Catalyst,Crafted Currency / Breach Catalysts,0.011,-1,1.0,Neural Catalyst,Breach,currency,0.055327,0.055327,11868,0.198817,0.198817,0.05
96,0.2495,Perfect Mind Rune,Socketable / Runes,0.37,-1,1.0,Perfect Mind Rune,Runes,currency,1.846152,1.846152,53,0.200417,0.200417,0.05
97,0.2492,Essence of Horror,Crafted Currency / Essences,0.077,-1,1.0,Essence of Horror,Essences,currency,0.383721,0.383721,325,0.200667,0.200667,0.05
98,0.2465,Refined Neural Catalyst,Crafted Currency / Breach Catalysts,0.044,-1,1.0,Refined Neural Catalyst,Breach,currency,0.216934,0.216934,1485,0.202826,0.202826,0.05
99,0.2399,Perfect Charging Rune,Socketable / Runes,0.5,-1,1.0,Perfect Charging Rune,Runes,currency,2.398562,2.398562,2,0.208458,0.208458,0.05
100,0.2386,Essence of the Breach,Crafted Currency / Essences,0.044,-1,1.0,Essence of the Breach,Essences,currency,0.210005,0.210005,868,0.209519,0.209519,0.05
101,0.2381,Lesser Mind Rune,Socketable / Runes,0.03,-1,1.0,Lesser Mind Rune,Runes,currency,0.142857,0.142857,7,0.21,0.21,0.05
102,0.2377,Resolve Rune,Socketable / Runes,0.03,-1,1.0,Resolve Rune,Runes,currency,0.142592,0.142592,9,0.21039,0.21039,0.05
103,0.2376,Perfect Ward Rune,Socketable / Runes,0.41,-1,1.0,Perfect Ward Rune,Runes,currency,1.948054,1.948054,15,0.210466,0.210466,0.05
104,0.2366,Fenumus' Rune of Spinning,Socketable / Runes,0.01,-1,1.0,Fenumus' Rune of Spinning,Runes,currency,0.047312,0.047312,52,0.211362,0.211362,0.05
105,0.2316,Greater Adept Rune,Socketable / Runes,0.01,-1,1.0,Greater Adept Rune,Runes,currency,0.046324,0.046324,38,0.215871,0.215871,0.05
106,0.2287,Mystic Alloy,Crafted Currency / Alloy,0.011,-1,1.0,Mystic Alloy,Verisium,currency,0.050322,0.050322,259,0.218593,0.218593,0.05
107,0.2284,Perfect Storm Rune,Socketable / Runes,0.4,-1,1.0,Perfect Storm Rune,Runes,currency,1.82743,1.82743,49,0.218887,0.218887,0.05
108,0.2272,Perfect Essence of Electricity,Crafted Currency / Essences,0.0033,-1,1.0,Perfect Essence of Electricity,Essences,currency,0.014995,0.014995,105,0.220075,0.220075,0.05
109,0.2251,Perfect Desert Rune,Socketable / Runes,0.4,-1,1.0,Perfect Desert Rune,Runes,currency,1.800873,1.800873,42,0.222114,0.222114,0.05
110,0.2222,Perfect Stone Rune,Socketable / Runes,0.45,-1,1.0,Perfect Stone Rune,Runes,currency,2.0,2.0,4,0.225,0.225,0.05
111,0.2199,Daresso's Passion,Skill Gems & Support Gems / Lineage Support Gems,0.0055,-1,1.0,Daresso's Passion,Lineage Support Gems,currency,0.024192,0.024192,13,0.22735,0.22735,0.05
112,0.2189,Idol of the Sycophant,Socketable / Idol,0.01,-1,1.0,Idol of the Sycophant,Ritual Omens,currency,0.043779,0.043779,30,0.228422,0.228422,0.05
113,0.2177,Bear idol,Socketable / Idol,0.01,-1,1.0,Bear Idol,Idols,currency,0.043541,0.043541,42,0.229667,0.229667,0.05
114,0.2149,Lesser Essence of Ruin,Crafted Currency / Essences,0.055,-1,1.0,Lesser Essence of Ruin,Essences,currency,0.236403,0.236403,1,0.232653,0.232653,0.05
115,0.212,Omen of the Hunt,Crafted Currency / Ritual Omens,0.198,-1,1.0,Omen of the Hunt,Ritual Omens,currency,0.839497,0.839497,22,0.235856,0.235856,0.05
116,0.2087,Essence of Thawing,Crafted Currency / Essences,0.033,-1,1.0,Essence of Thawing,Essences,currency,0.137774,0.137774,1,0.239523,0.239523,0.05
117,0.207,Perfect Inspiration Rune,Socketable / Runes,0.45,-1,1.0,Perfect Inspiration Rune,Runes,currency,1.863041,1.863041,7,0.241541,0.241541,0.05
118,0.2053,Perfect Iron Rune,Socketable / Runes,0.35,-1,1.0,Perfect Iron Rune,Runes,currency,1.437276,1.437276,301,0.243516,0.243516,0.05
119,0.2053,Perfect Glacial Rune,Socketable / Runes,0.4,-1,1.0,Perfect Glacial Rune,Runes,currency,1.642316,1.642316,43,0.243558,0.243558,0.05
120,0.2044,Potent Liquid Melancholy,Crafted Currency / Distilled Items,0.011,-1,1.0,Potent Liquid Melancholy,Delirium,currency,0.044971,0.044971,249,0.244605,0.244605,0.05
121,0.2013,Perfect Vision Rune,Socketable / Runes,0.45,-1,1.0,Perfect Vision Rune,Runes,currency,1.81149,1.81149,21,0.248414,0.248414,0.05
122,0.2006,Omen of Dextral Necromancy,Crafted Currency / Ritual Omens,0.0055,-1,1.0,Omen of Dextral Necromancy,Ritual Omens,currency,0.022069,0.022069,2402,0.24922,0.24922,0.05
123,0.1998,Storm Rune,Socketable / Runes,0.02,-1,1.0,Storm Rune,Runes,currency,0.079929,0.079929,23,0.250221,0.250221,0.05
124,0.1974,Rune of Renown,Socketable / Runes,0.02,-1,1.0,Rune of Renown,Runes,currency,0.078945,0.078945,15,0.253339,0.253339,0.05
125,0.1974,Kaom's Madness,Skill Gems & Support Gems / Lineage Support Gems,0.0121,-1,1.0,Kaom's Madness,Lineage Support Gems,currency,0.04776,0.04776,26,0.253348,0.253348,0.05
126,0.1972,Omen of the Blessed,Crafted Currency / Ritual Omens,0.044,-1,1.0,Omen of the Blessed,Ritual Omens,currency,0.173564,0.173564,991,0.253509,0.253509,0.05
127,0.1962,Emergent Instinct,Socketable / Runes,0.11,-1,1.0,Emergent Instinct,Expedition Coinage & Artifacts,currency,0.431708,0.431708,13,0.254802,0.254802,0.05
128,0.1949,Rakiata's Flow,Skill Gems & Support Gems / Lineage Support Gems,35.552,-1,1.0,Rakiata's Flow,Lineage Support Gems,currency,138.61095,138.61095,221,0.256488,0.256488,0.05
129,0.193,idol of Maxarius,Socketable / Idol,0.01,-1,1.0,Idol of Maxarius,Idols,currency,0.038594,0.038594,7,0.259106,0.259106,0.05
130,0.1896,Omen of Sanctification,Crafted Currency / Ritual Omens,0.132,-1,1.0,Omen of Sanctification,Ritual Omens,currency,0.500467,0.500467,581,0.263754,0.263754,0.05
131,0.1892,Omen of Sinistral Exaltation,Crafted Currency / Ritual Omens,0.011,-1,1.0,Omen of Sinistral Exaltation,Ritual Omens,currency,0.04162,0.04162,3272,0.264299,0.264299,0.05
132,0.1889,Soul Core of Azcapa,Socketable / Soul Cores,0.53,-1,1.0,Soul Core of Azcapa,Soul Cores,currency,2.002023,2.002023,59,0.264732,0.264732,0.05
133,0.1849,Kurgal's Leash,Skill Gems & Support Gems / Lineage Support Gems,0.0154,-1,1.0,Kurgal's Leash,Lineage Support Gems,currency,0.056938,0.056938,28,0.270469,0.270469,0.05
134,0.1829,Ancient Crisis Fragment,Keys ＆ Maps / Pinnacle Boss Keys,0.495,-1,1.0,Ancient Crisis Fragment,Fragments,currency,1.810538,1.810538,1231,0.273399,0.273399,0.05
135,0.1828,Carved Cunning,Socketable / Runes,0.99,-1,1.0,Carved Cunning,Expedition Coinage & Artifacts,currency,3.619524,3.619524,13,0.273517,0.273517,0.05
136,0.1818,Perfect Adept Rune,Socketable / Runes,0.55,-1,1.0,Perfect Adept Rune,Runes,currency,2.0,2.0,7,0.275,0.275,0.05
137,0.1785,Desert Rune,Socketable / Runes,0.01,-1,1.0,Desert Rune,Runes,currency,0.035709,0.035709,14,0.280044,0.280044,0.05
138,0.1766,Ancient Rune of Witchcraft,Socketable / Runes,0.02,-1,1.0,Ancient Rune of Witchcraft,Runes,currency,0.070659,0.070659,15,0.283048,0.283048,0.05
139,0.1757,Ancient Rune of Prowess,Socketable / Runes,0.02,-1,1.0,Ancient Rune of Prowess,Runes,currency,0.070272,0.070272,2,0.284609,0.284609,0.05
140,0.1752,Perfect Essence of Grounding,Crafted Currency / Essences,0.011,-1,1.0,Perfect Essence of Grounding,Essences,currency,0.038545,0.038545,138,0.285384,0.285384,0.05
141,0.1749,Courtesan Mannan's Rune of Cruelty,Socketable / Runes,0.01,-1,1.0,Courtesan Mannan's Rune of Cruelty,Runes,currency,0.034989,0.034989,37,0.285802,0.285802,0.05
142,0.1718,idol of Grold,Socketable / Idol,0.03,-1,1.0,Idol of Grold,Idols,currency,0.103063,0.103063,22,0.291085,0.291085,0.05
143,0.1701,Essence of Haste,Crafted Currency / Essences,0.011,-1,1.0,Essence of Haste,Essences,currency,0.037431,0.037431,6,0.293878,0.293878,0.05
144,0.17,Tecrod's Gaze,Socketable / Gaze,1.07,-1,1.0,Tecrod's Gaze,Abyssal Bones,currency,3.637114,3.637114,105,0.294189,0.294189,0.05
145,0.1699,Atmohua's Soul Core of Retreat,Socketable / Soul Cores,0.02,-1,1.0,Atmohua's Soul Core of Retreat,Soul Cores,currency,0.067963,0.067963,36,0.294278,0.294278,0.05
146,0.1697,The Greatwolf's Rune of Willpower,Socketable / Runes,0.02,-1,1.0,The Greatwolf's Rune of Willpower,Runes,currency,0.067871,0.067871,28,0.294676,0.294676,0.05
147,0.1683,Rune of the Prism,Socketable / Runes,0.01,-1,1.0,Rune of the Prism,Runes,currency,0.033664,0.033664,31,0.297055,0.297055,0.05
148,0.1639,Ratha's Assault,Skill Gems & Support Gems / Lineage Support Gems,0.0154,-1,1.0,Ratha's Assault,Lineage Support Gems,currency,0.050495,0.050495,12,0.30498,0.30498,0.05
149,0.1634,Idol of Kraityn,Socketable / Idol,0.02,-1,1.0,Idol of Kraityn,Ritual Omens,currency,0.065368,0.065368,7,0.305959,0.305959,0.05
150,0.1594,Greater Rune of Alacrity,Socketable / Runes,0.21,-1,1.0,Greater Rune of Alacrity,Runes,currency,0.669443,0.669443,63,0.313693,0.313693,0.05
151,0.1569,Lesser Inspiration Rune,Socketable / Runes,0.03,-1,1.0,Lesser Inspiration Rune,Runes,currency,0.094115,0.094115,7,0.31876,0.31876,0.05
152,0.1547,Carved Mischief,Socketable / Runes,0.05,-1,1.0,Carved Mischief,Expedition Coinage & Artifacts,currency,0.154673,0.154673,7,0.323263,0.323263,0.05
153,0.1544,Ancient Concentrated Liquid Suffering,Crafted Currency / Distilled Items,0.011,-1,1.0,Ancient Concentrated Liquid Suffering,Delirium,currency,0.033959,0.033959,16,0.323921,0.323921,0.05
154,0.1536,Glacial Rune,Socketable / Runes,0.03,-1,1.0,Glacial Rune,Runes,currency,0.09214,0.09214,8,0.32559,0.32559,0.05
155,0.1509,Masterwork Rune,Socketable / Runes,0.24,-1,1.0,Masterwork Rune,Runes,currency,0.724268,0.724268,1691,0.331369,0.331369,0.05
156,0.1497,Mind Rune,Socketable / Runes,0.01,-1,1.0,Mind Rune,Runes,currency,0.029946,0.029946,1,0.333939,0.333939,0.05
157,0.1491,Soul Core of Zalatl,Socketable / Soul Cores,0.11,-1,1.0,Soul Core of Zalatl,Soul Cores,currency,0.328008,0.328008,72,0.335358,0.335358,0.05
158,0.1472,Uromoti's Soul Core of Attenuation,Socketable / Soul Cores,0.04,-1,1.0,Uromoti's Soul Core of Attenuation,Soul Cores,currency,0.117777,0.117777,24,0.339626,0.339626,0.05
159,0.1468,Saqawal's Rune of Memory,Socketable / Runes,0.02,-1,1.0,Saqawal's Rune of Memory,Runes,currency,0.05873,0.05873,53,0.340539,0.340539,0.05
160,0.1446,Emergent Protection,Socketable / Runes,0.04,-1,1.0,Emergent Protection,Expedition Coinage & Artifacts,currency,0.115687,0.115687,9,0.34576,0.34576,0.05
161,0.1413,Zarokh's Refrain,Skill Gems & Support Gems / Lineage Support Gems,0.0363,-1,1.0,Zarokh's Refrain,Lineage Support Gems,currency,0.102579,0.102579,17,0.353873,0.353873,0.05
162,0.1399,Omen of Sinistral Crystallisation,Crafted Currency / Ritual Omens,0.077,-1,1.0,Omen of Sinistral Crystallisation,Ritual Omens,currency,0.21548,0.21548,1592,0.357342,0.357342,0.05
163,0.1398,Greater Essence of Battle,Crafted Currency / Essences,0.011,-1,1.0,Greater Essence of Battle,Essences,currency,0.030755,0.030755,34,0.357665,0.357665,0.05
164,0.1382,Rune of Vitality,Socketable / Runes,0.02,-1,1.0,Rune of Vitality,Runes,currency,0.055284,0.055284,2,0.361767,0.361767,0.05
165,0.136,Lesser Body Rune,Socketable / Runes,0.03,-1,1.0,Lesser Body Rune,Runes,currency,0.081571,0.081571,17,0.367776,0.367776,0.05
166,0.1357,idol of Eeshta,Socketable / Idol,0.05,-1,1.0,Idol of Eeshta,Idols,currency,0.13566,0.13566,112,0.368568,0.368568,0.05
167,0.1334,Lesser Iron Rune,Socketable / Runes,0.03,-1,1.0,Lesser Iron Rune,Runes,currency,0.080051,0.080051,59,0.374761,0.374761,0.05
168,0.132,Rune of Accumulation,Socketable / Runes,0.02,-1,1.0,Rune of Accumulation,Runes,currency,0.052789,0.052789,12,0.378869,0.378869,0.05
169,0.1309,Greater Rune of Leadership,Socketable / Runes,0.62,-1,1.0,Greater Rune of Leadership,Runes,currency,1.623195,1.623195,63,0.381963,0.381963,0.05
170,0.1302,Omen of Chaotic Effectiveness,Crafted Currency / Ritual Omens,0.022,-1,1.0,Omen of Chaotic Effectiveness,Ritual Omens,currency,0.057287,0.057287,6000,0.384034,0.384034,0.05
171,0.129,Rune of Consistency,Socketable / Runes,0.01,-1,1.0,Rune of Consistency,Runes,currency,0.025799,0.025799,5,0.387607,0.387607,0.05
172,0.1276,Guatelitzi's Soul Core of Endurance,Socketable / Soul Cores,0.04,-1,1.0,Guatelitzi's Soul Core of Endurance,Soul Cores,currency,0.102049,0.102049,12,0.39197,0.39197,0.05
173,0.1258,Ahn's Citadel,Skill Gems & Support Gems / Lineage Support Gems,0.0363,-1,1.0,Ahn's Citadel,Lineage Support Gems,currency,0.091346,0.091346,20,0.39739,0.39739,0.05
174,0.1253,Rune of the Blossom,Socketable / Runes,0.04,-1,1.0,Rune of the Blossom,Runes,currency,0.100228,0.100228,59,0.399091,0.399091,0.05
175,0.1251,Adaptive Catalyst,Crafted Currency / Breach Catalysts,0.011,-1,1.0,Adaptive Catalyst,Breach,currency,0.027518,0.027518,5803,0.399741,0.399741,0.05
176,0.1225,Craiceann's Rune of Warding,Socketable / Runes,0.03,-1,1.0,Craiceann's Rune of Warding,Runes,currency,0.073516,0.073516,46,0.408072,0.408072,0.05
177,0.1212,Soul Core of Jiquani,Socketable / Soul Cores,0.11,-1,1.0,Soul Core of Jiquani,Soul Cores,currency,0.266615,0.266615,110,0.41258,0.41258,0.05
178,0.1206,Omen of the Ancients,Crafted Currency / Ritual Omens,0.011,-1,1.0,Omen of the Ancients,Ritual Omens,currency,0.026529,0.026529,1998,0.414635,0.414635,0.05
179,0.1199,Omen of Resurgence,Crafted Currency / Ritual Omens,0.0055,-1,1.0,Omen of Resurgence,Ritual Omens,currency,0.013184,0.013184,3677,0.417186,0.417186,0.05
180,0.1195,Idol of Yeena,Socketable / Idol,0.02,-1,1.0,Idol of Yeena,Ritual Omens,currency,0.047785,0.047785,6,0.418545,0.418545,0.05
181,0.117,Warding Rune of Hollowing,Socketable / Runes,0.02,-1,1.0,Warding Rune of Hollowing,Runes,currency,0.046783,0.046783,23,0.427503,0.427503,0.05
182,0.1157,Doedre's Undoing,Skill Gems & Support Gems / Lineage Support Gems,0.0539,-1,1.0,Doedre's Undoing,Lineage Support Gems,currency,0.12476,0.12476,32,0.43203,0.43203,0.05
183,0.1146,Omen of Amelioration,Crafted Currency / Ritual Omens,0.044,-1,1.0,Omen of Amelioration,Ritual Omens,currency,0.100854,0.100854,4805,0.436274,0.436274,0.05
184,0.1146,Greater Rune of Tithing,Socketable / Runes,0.38,-1,1.0,Greater Rune of Tithing,Runes,currency,0.870845,0.870845,46,0.436358,0.436358,0.05
185,0.1144,The Greatwolf's Rune of Claws,Socketable / Runes,0.02,-1,1.0,The Greatwolf's Rune of Claws,Runes,currency,0.045768,0.045768,30,0.436987,0.436987,0.05
186,0.1141,Fox idol,Socketable / Idol,0.32,-1,1.0,Fox Idol,Idols,currency,0.730083,0.730083,231,0.438306,0.438306,0.05
187,0.1137,Greater Charging Rune,Socketable / Runes,0.01,-1,1.0,Greater Charging Rune,Runes,currency,0.022747,0.022747,16,0.439616,0.439616,0.05
188,0.1137,Greater Robust Rune,Socketable / Runes,0.01,-1,1.0,Greater Robust Rune,Runes,currency,0.022731,0.022731,30,0.439929,0.439929,0.05
189,0.1124,Cyclonic Alloy,Crafted Currency / Alloy,0.011,-1,1.0,Cyclonic Alloy,Verisium,currency,0.024722,0.024722,249,0.444941,0.444941,0.05
190,0.1116,Tul's Stillness,Skill Gems & Support Gems / Lineage Support Gems,36.146,-1,1.0,Tul's Stillness,Lineage Support Gems,currency,80.695656,80.695656,23,0.44793,0.44793,0.05
191,0.1105,Tzamoto's Soul Core of Ferocity,Socketable / Soul Cores,0.15,-1,1.0,Tzamoto's Soul Core of Ferocity,Soul Cores,currency,0.331505,0.331505,72,0.452482,0.452482,0.05
192,0.1083,Thane Grannell's Rune of Mastery,Socketable / Runes,0.02,-1,1.0,Thane Grannell's Rune of Mastery,Runes,currency,0.043337,0.043337,53,0.461497,0.461497,0.05
193,0.1078,Greater Essence of Ruin,Crafted Currency / Essences,0.011,-1,1.0,Greater Essence of Ruin,Essences,currency,0.02372,0.02372,59,0.463735,0.463735,0.05
194,0.1078,Weathered Crisis Fragment,Keys ＆ Maps / Pinnacle Boss Keys,0.495,-1,1.0,Weathered Crisis Fragment,Fragments,currency,1.066844,1.066844,985,0.463985,0.463985,0.05
195,0.1073,Sovereign Alloy,Crafted Currency / Alloy,0.088,-1,1.0,Sovereign Alloy,Verisium,currency,0.18878,0.18878,186,0.466152,0.466152,0.05
196,0.1054,Carved Tenacity,Socketable / Runes,0.27,-1,1.0,Carved Tenacity,Expedition Coinage & Artifacts,currency,0.569167,0.569167,26,0.474378,0.474378,0.05
197,0.1044,Essence of Sorcery,Crafted Currency / Essences,0.044,-1,1.0,Essence of Sorcery,Essences,currency,0.091913,0.091913,6,0.478712,0.478712,0.05
198,0.1043,Sione's Temper,Skill Gems & Support Gems / Lineage Support Gems,0.0902,-1,1.0,Sione's Temper,Lineage Support Gems,currency,0.188199,0.188199,85,0.479279,0.479279,0.05
199,0.1037,Warding Rune of Annihilation,Socketable / Runes,0.01,-1,1.0,Warding Rune of Annihilation,Runes,currency,0.020732,0.020732,2,0.482356,0.482356,0.05
200,0.1017,Ancient Rune of Detonation,Socketable / Runes,0.02,-1,1.0,Ancient Rune of Detonation,Runes,currency,0.040695,0.040695,6,0.491457,0.491457,0.05
201,0.1013,Serle's Triumph,Socketable / Runes,1.21,-1,1.0,Serle's Triumph,Runes,currency,2.452331,2.452331,90,0.493408,0.493408,0.05
202,0.1003,Rune of Foundations,Socketable / Runes,0.04,-1,1.0,Rune of Foundations,Runes,currency,0.080226,0.080226,46,0.498591,0.498591,0.05
203,0.0992,Hedgewitch Assandra's Rune of Wisdom,Socketable / Runes,0.09,-1,1.0,Hedgewitch Assandra's Rune of Wisdom,Runes,currency,0.178518,0.178518,175,0.504152,0.504152,0.05
204,0.0979,Warding Rune of Disintegration,Socketable / Runes,0.02,-1,1.0,Warding Rune of Disintegration,Runes,currency,0.03916,0.03916,3,0.51073,0.51073,0.05
205,0.0955,Greater Rune of Nobility,Socketable / Runes,0.05,-1,1.0,Greater Rune of Nobility,Runes,currency,0.095516,0.095516,11,0.523472,0.523472,0.05
206,0.095,Warding Rune of Desperation,Socketable / Runes,0.01,-1,1.0,Warding Rune of Desperation,Runes,currency,0.019008,0.019008,8,0.526104,0.526104,0.05
207,0.0947,Ancient Liquid Despair,Crafted Currency / Distilled Items,0.011,-1,1.0,Ancient Liquid Despair,Delirium,currency,0.020824,0.020824,9,0.52823,0.52823,0.05
208,0.0933,Betrayal of Aldur,Socketable / Runes,0.02,-1,1.0,Betrayal of Aldur,Runes,currency,0.037323,0.037323,5,0.535866,0.535866,0.05
209,0.0917,Perfect Essence of Abrasion,Crafted Currency / Essences,0.0055,-1,1.0,Perfect Essence of Abrasion,Essences,currency,0.010085,0.010085,220,0.545341,0.545341,0.05
210,0.0915,Lesser Glacial Rune,Socketable / Runes,0.03,-1,1.0,Lesser Glacial Rune,Runes,currency,0.0549,0.0549,18,0.546445,0.546445,0.05
211,0.0911,Expedition Logbook,Keys ＆ Maps / Expedition Coinace &amp; Artifacts,0.99,-1,1.0,Expedition Logbook,Expedition Coinage & Artifacts,currency,1.804657,1.804657,2441,0.548581,0.548581,0.05
212,0.0896,Tacati's Soul Core of Affliction,Socketable / Soul Cores,0.04,-1,1.0,Tacati's Soul Core of Affliction,Soul Cores,currency,0.071651,0.071651,18,0.558262,0.558262,0.05
213,0.0894,Thrud's Might,Socketable / Runes,0.07,-1,1.0,Thrud's Might,Runes,currency,0.125213,0.125213,29,0.559045,0.559045,0.05
214,0.0888,Idol of Greust,Socketable / Idol,0.02,-1,1.0,Idol of Greust,Ritual Omens,currency,0.035534,0.035534,9,0.562845,0.562845,0.05
215,0.0882,Soul Core of Ticaba,Socketable / Soul Cores,0.07,-1,1.0,Soul Core of Ticaba,Soul Cores,currency,0.1235,0.1235,33,0.5668,0.5668,0.05
216,0.0874,Transcendent Alloy,Crafted Currency / Alloy,0.077,-1,1.0,Transcendent Alloy,Verisium,currency,0.134663,0.134663,211,0.571798,0.571798,0.05
217,0.0874,Olroth's Saga,Keys ＆ Maps / Expedition Coinace &amp; Artifacts,0.11,-1,1.0,Olroth's Saga,Expedition Coinage & Artifacts,currency,0.192375,0.192375,264,0.5718,0.5718,0.05
218,0.0873,Idol of the Pharisee,Socketable / Idol,0.03,-1,1.0,Idol of the Pharisee,Ritual Omens,currency,0.052407,0.052407,37,0.572443,0.572443,0.05
219,0.0873,Essence of the Abyss,Crafted Currency / Essences,0.022,-1,1.0,Essence of the Abyss,Essences,currency,0.038417,0.038417,1414,0.572662,0.572662,0.05
220,0.0869,Omen of Catalysing Exaltation,Crafted Currency / Ritual Omens,0.022,-1,1.0,Omen of Catalysing Exaltation,Ritual Omens,currency,0.038241,0.038241,1209,0.575295,0.575295,0.05
221,0.0864,Adept Rune,Socketable / Runes,0.03,-1,1.0,Adept Rune,Runes,currency,0.051836,0.051836,4,0.578744,0.578744,0.05
222,0.0864,Idol of Eramir,Socketable / Idol,0.09,-1,1.0,Idol of Eramir,Ritual Omens,currency,0.155493,0.155493,90,0.578804,0.578804,0.05
223,0.0862,Ancient Potent Liquid Ferocity,Crafted Currency / Distilled Items,0.011,-1,1.0,Ancient Potent Liquid Ferocity,Delirium,currency,0.018974,0.018974,49,0.579742,0.579742,0.05
224,0.0862,Head of the King,Keys ＆ Maps / Pinnacle Boss Keys,2.046,-1,1.0,Head of the King,Ritual Omens,currency,3.527636,3.527636,1918,0.579992,0.579992,0.05
225,0.0858,Omen of Reinforcements,Crafted Currency / Ritual Omens,0.088,-1,1.0,Omen of Reinforcements,Ritual Omens,currency,0.151089,0.151089,15,0.582438,0.582438,0.05
226,0.0854,Farrul's Rune of the Hunt,Socketable / Runes,0.02,-1,1.0,Farrul's Rune of the Hunt,Runes,currency,0.034158,0.034158,47,0.585514,0.585514,0.05
227,0.0833,Arjun's Medal,Skill Gems & Support Gems / Lineage Support Gems,0.0121,-1,1.0,Arjun's Medal,Lineage Support Gems,currency,0.020159,0.020159,8,0.600216,0.600216,0.05
228,0.0818,Wolf idol,Socketable / Idol,0.01,-1,1.0,Wolf Idol,Idols,currency,0.016359,0.016359,9,0.611289,0.611289,0.05
229,0.0813,Rabbit idol,Socketable / Idol,0.12,-1,1.0,Rabbit Idol,Idols,currency,0.195093,0.195093,256,0.615092,0.615092,0.05
230,0.081,Ailith's Chimes,Skill Gems & Support Gems / Lineage Support Gems,0.1089,-1,1.0,Ailith's Chimes,Lineage Support Gems,currency,0.176391,0.176391,100,0.617379,0.617379,0.05
231,0.0783,Craiceann's Rune of Recovery,Socketable / Runes,0.02,-1,1.0,Craiceann's Rune of Recovery,Runes,currency,0.031325,0.031325,52,0.638473,0.638473,0.05
232,0.0767,Soul Core of Cholotl,Socketable / Soul Cores,0.26,-1,1.0,Soul Core of Cholotl,Soul Cores,currency,0.398722,0.398722,41,0.652083,0.652083,0.05
233,0.0764,Rune of Acrobatics,Socketable / Runes,0.02,-1,1.0,Rune of Acrobatics,Runes,currency,0.030578,0.030578,22,0.654067,0.654067,0.05
234,0.075,Amanamu's Gaze,Socketable / Gaze,0.24,-1,1.0,Amanamu's Gaze,Abyssal Bones,currency,0.360019,0.360019,33,0.666631,0.666631,0.05
235,0.0729,Rebirth Rune,Socketable / Runes,0.03,-1,1.0,Rebirth Rune,Runes,currency,0.043767,0.043767,11,0.685453,0.685453,0.05
236,0.0724,Rune of the Hunt,Socketable / Runes,0.02,-1,1.0,Rune of the Hunt,Runes,currency,0.028977,0.028977,19,0.690196,0.690196,0.05
237,0.0698,Thaumaturgic Flux (Level 8),Skill Gems & Support Gems / Thaumaturgic Flux,0.165,-1,1.0,Thaumaturgic Flux (Level 8),Expedition Coinage & Artifacts,currency,0.230351,0.230351,2,0.716299,0.716299,0.05
238,0.0697,Fenumus' Rune of Agony,Socketable / Runes,0.04,-1,1.0,Fenumus' Rune of Agony,Runes,currency,0.055792,0.055792,74,0.716953,0.716953,0.05
239,0.0685,Body Rune,Socketable / Runes,0.03,-1,1.0,Body Rune,Runes,currency,0.041079,0.041079,6,0.730296,0.730296,0.05
240,0.0682,Primate idol,Socketable / Idol,0.01,-1,1.0,Primate Idol,Idols,currency,0.013645,0.013645,47,0.732872,0.732872,0.05
241,0.0672,Perfect Essence of Seeking,Crafted Currency / Essences,0.011,-1,1.0,Perfect Essence of Seeking,Essences,currency,0.014788,0.014788,137,0.743834,0.743834,0.05
242,0.0671,Uruk's Smelting,Skill Gems & Support Gems / Lineage Support Gems,0.0297,-1,1.0,Uruk's Smelting,Lineage Support Gems,currency,0.039882,0.039882,58,0.74469,0.74469,0.05
243,0.0667,Concentrated Liquid Suffering,Crafted Currency / Distilled Items,0.1529,-1,1.0,Concentrated Liquid Suffering,Delirium,currency,0.20385,0.20385,401,0.750061,0.750061,0.05
244,0.0656,Lesser Storm Rune,Socketable / Runes,0.03,-1,1.0,Lesser Storm Rune,Runes,currency,0.039383,0.039383,31,0.761758,0.761758,0.05
245,0.0634,Ancient Liquid Disgust,Crafted Currency / Distilled Items,0.011,-1,1.0,Ancient Liquid Disgust,Delirium,currency,0.013943,0.013943,32,0.788926,0.788926,0.05
246,0.0629,Soul Core of Quipolatl,Socketable / Soul Cores,1.28,-1,1.0,Soul Core of Quipolatl,Soul Cores,currency,1.610164,1.610164,128,0.79495,0.79495,0.05
247,0.0617,Greater Iron Rune,Socketable / Runes,0.01,-1,1.0,Greater Iron Rune,Runes,currency,0.012342,0.012342,1753,0.810238,0.810238,0.05
248,0.0611,Omen of Abyssal Echoes,Crafted Currency / Ritual Omens,0.198,-1,1.0,Omen of Abyssal Echoes,Ritual Omens,currency,0.241806,0.241806,12939,0.818837,0.818837,0.05
249,0.0607,Ancient Potent Liquid Melancholy,Crafted Currency / Distilled Items,0.044,-1,1.0,Ancient Potent Liquid Melancholy,Delirium,currency,0.053442,0.053442,241,0.823329,0.823329,0.05
250,0.0607,Warding Rune of Equinox,Socketable / Runes,0.04,-1,1.0,Warding Rune of Equinox,Runes,currency,0.048568,0.048568,12,0.823586,0.823586,0.05
251,0.0591,Lesser Essence of Haste,Crafted Currency / Essences,0.022,-1,1.0,Lesser Essence of Haste,Essences,currency,0.026004,0.026004,3,0.846012,0.846012,0.05
252,0.0589,Omen of Greater Exaltation,Crafted Currency / Ritual Omens,0.011,-1,1.0,Omen of Greater Exaltation,Ritual Omens,currency,0.012958,0.012958,2967,0.848927,0.848927,0.05
253,0.0589,Saqawal's Rune of the Sky,Socketable / Runes,0.05,-1,1.0,Saqawal's Rune of the Sky,Runes,currency,0.05886,0.05886,174,0.849467,0.849467,0.05
254,0.0576,Warding Rune of Glancing,Socketable / Runes,0.02,-1,1.0,Warding Rune of Glancing,Runes,currency,0.023035,0.023035,1,0.868241,0.868241,0.05
255,0.0574,Estazunti's Soul Core of Convalescence,Socketable / Soul Cores,0.04,-1,1.0,Estazunti's Soul Core of Convalescence,Soul Cores,currency,0.045924,0.045924,69,0.871009,0.871009,0.05
256,0.0568,Greater Resolve Rune,Socketable / Runes,0.01,-1,1.0,Greater Resolve Rune,Runes,currency,0.011353,0.011353,208,0.880821,0.880821,0.05
257,0.0554,Reaver Catalyst,Crafted Currency / Breach Catalysts,0.187,-1,1.0,Reaver Catalyst,Breach,currency,0.207061,0.207061,6405,0.903114,0.903114,0.05
258,0.0548,Lesser Adept Rune,Socketable / Runes,0.07,-1,1.0,Lesser Adept Rune,Runes,currency,0.076784,0.076784,6,0.911653,0.911653,0.05
259,0.0547,Kolr's Hunt,Socketable / Runes,0.36,-1,1.0,Kolr's Hunt,Runes,currency,0.393813,0.393813,182,0.91414,0.91414,0.05
260,0.0547,Vilenta's Propulsion,Skill Gems & Support Gems / Lineage Support Gems,0.0297,-1,1.0,Vilenta's Propulsion,Lineage Support Gems,currency,0.032488,0.032488,72,0.914189,0.914189,0.05
261,0.0546,Essence of Insanity,Crafted Currency / Essences,0.022,-1,1.0,Essence of Insanity,Essences,currency,0.024009,0.024009,73,0.91631,0.91631,0.05
262,0.0537,Medved's Tending,Socketable / Runes,0.12,-1,1.0,Medved's Tending,Runes,currency,0.128992,0.128992,72,0.930289,0.930289,0.05
263,0.0533,Greater Mind Rune,Socketable / Runes,0.01,-1,1.0,Greater Mind Rune,Runes,currency,0.010657,0.010657,254,0.938322,0.938322,0.05
264,0.0529,Soul Core of Citaqualotl,Socketable / Soul Cores,0.12,-1,1.0,Soul Core of Citaqualotl,Soul Cores,currency,0.126972,0.126972,375,0.945092,0.945092,0.05
265,0.052,Refined Chayula's Catalyst,Crafted Currency / Breach Catalysts,0.198,-1,1.0,Refined Chayula's Catalyst,Breach,currency,0.205768,0.205768,356,0.962251,0.962251,0.05
266,0.0518,Lesser Ward Rune,Socketable / Runes,0.01,-1,1.0,Lesser Ward Rune,Runes,currency,0.010366,0.010366,4,0.964712,0.964712,0.05
267,0.0511,Flesh Catalyst,Crafted Currency / Breach Catalysts,0.011,-1,1.0,Flesh Catalyst,Breach,currency,0.011241,0.011241,5572,0.978534,0.978534,0.05
268,0.0511,Perfect Essence of Battle,Crafted Currency / Essences,0.022,-1,1.0,Perfect Essence of Battle,Essences,currency,0.022465,0.022465,388,0.979288,0.979288,0.05
269,0.0509,Greater Essence of Seeking,Crafted Currency / Essences,0.011,-1,1.0,Greater Essence of Seeking,Essences,currency,0.011202,0.011202,165,0.981982,0.981982,0.05
270,0.0499,Hayoxi's Soul Core of Heatproofing,Socketable / Soul Cores,0.03,-1,1.0,Hayoxi's Soul Core of Heatproofing,Soul Cores,currency,0.029928,0.029928,32,1.002393,1.002393,0.05
271,0.0489,Prismatic Alloy,Crafted Currency / Alloy,0.011,-1,1.0,Prismatic Alloy,Verisium,currency,0.010751,0.010751,159,1.023195,1.023195,0.05
272,0.0483,Thaumaturgic Flux (Level 14),Skill Gems & Support Gems / Thaumaturgic Flux,0.165,-1,1.0,Thaumaturgic Flux (Level 14),Expedition Coinage & Artifacts,currency,0.159403,0.159403,5,1.035114,1.035114,0.05
273,0.0478,Lesser Robust Rune,Socketable / Runes,0.17,-1,1.0,Lesser Robust Rune,Runes,currency,0.162365,0.162365,19,1.047021,1.047021,0.05
274,0.0477,Carapace Catalyst,Crafted Currency / Breach Catalysts,0.011,-1,1.0,Carapace Catalyst,Breach,currency,0.010505,0.010505,5937,1.047148,1.047148,0.05
275,0.0474,idol of Egrin,Socketable / Idol,0.02,-1,1.0,Idol of Egrin,Idols,currency,0.018976,0.018976,74,1.053944,1.053944,0.05
276,0.0473,Essence of the Body,Crafted Currency / Essences,0.011,-1,1.0,Essence of the Body,Essences,currency,0.010402,0.010402,5,1.057515,1.057515,0.05
277,0.0466,Quipolatl's Soul Core of Flow,Socketable / Soul Cores,0.17,-1,1.0,Quipolatl's Soul Core of Flow,Soul Cores,currency,0.158362,0.158362,53,1.073489,1.073489,0.05
278,0.0447,Essence of Hysteria,Crafted Currency / Essences,0.473,-1,1.0,Essence of Hysteria,Essences,currency,0.422644,0.422644,459,1.119145,1.119145,0.05
279,0.0445,Kulemak's Dominion,Skill Gems & Support Gems / Lineage Support Gems,0.0176,-1,1.0,Kulemak's Dominion,Lineage Support Gems,currency,0.015664,0.015664,5,1.123606,1.123606,0.05
280,0.044,Countess Seske's Rune of Archery,Socketable / Runes,0.05,-1,1.0,Countess Seske's Rune of Archery,Runes,currency,0.04401,0.04401,68,1.136115,1.136115,0.05
281,0.0434,Soul Core of Atmohua,Socketable / Soul Cores,0.08,-1,1.0,Soul Core of Atmohua,Soul Cores,currency,0.069415,0.069415,40,1.152489,1.152489,0.05
282,0.0425,Breath of Aldur,Socketable / Runes,0.05,-1,1.0,Breath of Aldur,Runes,currency,0.042451,0.042451,33,1.177839,1.177839,0.05
283,0.0414,Idol of Oak,Socketable / Idol,0.04,-1,1.0,Idol of Oak,Ritual Omens,currency,0.033096,0.033096,8,1.208589,1.208589,0.05
284,0.0412,Perfect Essence of Haste,Crafted Currency / Essences,0.033,-1,1.0,Perfect Essence of Haste,Essences,currency,0.027216,0.027216,165,1.212517,1.212517,0.05
285,0.041,Blazing Flux,Crafted Currency / Flux,0.077,-1,1.0,Blazing Flux,Expedition Coinage & Artifacts,currency,0.063082,0.063082,279,1.220638,1.220638,0.05
286,0.0405,Soul Core of Zantipi,Socketable / Soul Cores,0.13,-1,1.0,Soul Core of Zantipi,Soul Cores,currency,0.105383,0.105383,31,1.233596,1.233596,0.05
287,0.04,Concentrated Liquid Fear,Crafted Currency / Distilled Items,0.0715,-1,1.0,Concentrated Liquid Fear,Delirium,currency,0.057179,0.057179,465,1.250453,1.250453,0.05
288,0.0394,Uhtred's Sidereus,Socketable / Runes,0.24,-1,1.0,Uhtred's Sidereus,Runes,currency,0.189257,0.189257,62,1.268118,1.268118,0.05
289,0.0386,Thaumaturgic Flux (Level 9),Skill Gems & Support Gems / Thaumaturgic Flux,0.165,-1,1.0,Thaumaturgic Flux (Level 9),Expedition Coinage & Artifacts,currency,0.127461,0.127461,9,1.294516,1.294516,0.05
290,0.0381,Rune of Culmination,Socketable / Runes,0.02,-1,1.0,Rune of Culmination,Runes,currency,0.015239,0.015239,13,1.312457,1.312457,0.05
291,0.0374,Fenumus' Rune of Draining,Socketable / Runes,0.02,-1,1.0,Fenumus' Rune of Draining,Runes,currency,0.014973,0.014973,4,1.335755,1.335755,0.05
292,0.0373,Greater Essence of Opulence,Crafted Currency / Essences,0.033,-1,1.0,Greater Essence of Opulence,Essences,currency,0.024604,0.024604,442,1.34122,1.34122,0.05
293,0.0367,Soul Core of Tzamoto,Socketable / Soul Cores,0.07,-1,1.0,Soul Core of Tzamoto,Soul Cores,currency,0.051404,0.051404,28,1.361763,1.361763,0.05
294,0.0365,Ancient Rune of Shattering,Socketable / Runes,0.02,-1,1.0,Ancient Rune of Shattering,Runes,currency,0.014589,0.014589,3,1.370906,1.370906,0.05
295,0.0347,Potent Liquid Contempt,Crafted Currency / Distilled Items,1.089,-1,1.0,Potent Liquid Contempt,Delirium,currency,0.756296,0.756296,1267,1.439913,1.439913,0.05
296,0.0339,Ward Rune,Socketable / Runes,0.03,-1,1.0,Ward Rune,Runes,currency,0.020348,0.020348,6,1.474371,1.474371,0.05
297,0.0331,Zalatl's Soul Core of Insulation,Socketable / Soul Cores,0.02,-1,1.0,Zalatl's Soul Core of Insulation,Soul Cores,currency,0.013221,0.013221,27,1.512737,1.512737,0.05
298,0.0322,Lesser Essence of Alacrity,Crafted Currency / Essences,0.022,-1,1.0,Lesser Essence of Alacrity,Essences,currency,0.014184,0.014184,2,1.551022,1.551022,0.05
299,0.0322,Lesser Essence of Electricity,Crafted Currency / Essences,0.022,-1,1.0,Lesser Essence of Electricity,Essences,currency,0.014184,0.014184,1,1.551022,1.551022,0.05
300,0.0319,Idol of the Martyr,Socketable / Idol,0.02,-1,1.0,Idol of the Martyr,Ritual Omens,currency,0.012775,0.012775,159,1.565536,1.565536,0.05
301,0.0319,Soul Core of Topotante,Socketable / Soul Cores,0.07,-1,1.0,Soul Core of Topotante,Soul Cores,currency,0.044701,0.044701,330,1.565974,1.565974,0.05
302,0.0319,Xipocado's Soul Core of Dominion,Socketable / Soul Cores,0.04,-1,1.0,Xipocado's Soul Core of Dominion,Soul Cores,currency,0.025501,0.025501,91,1.56856,1.56856,0.05
303,0.0316,Thaumaturgic Flux (Level 12),Skill Gems & Support Gems / Thaumaturgic Flux,0.165,-1,1.0,Thaumaturgic Flux (Level 12),Expedition Coinage & Artifacts,currency,0.104251,0.104251,16,1.582717,1.582717,0.05
304,0.0308,Thaumaturgic Flux (Level 17),Skill Gems & Support Gems / Thaumaturgic Flux,0.165,-1,1.0,Thaumaturgic Flux (Level 17),Expedition Coinage & Artifacts,currency,0.101572,0.101572,12,1.624465,1.624465,0.05
305,0.0306,Concentrated Liquid Isolation,Crafted Currency / Distilled Items,1.089,-1,1.0,Concentrated Liquid Isolation,Delirium,currency,0.666431,0.666431,480,1.634076,1.634076,0.05
306,0.0298,Soul Core of Xopec,Socketable / Soul Cores,0.07,-1,1.0,Soul Core of Xopec,Soul Cores,currency,0.041714,0.041714,31,1.678105,1.678105,0.05
307,0.0296,Lesser Essence of the Infinite,Crafted Currency / Essences,0.022,-1,1.0,Lesser Essence of the Infinite,Essences,currency,0.013002,0.013002,2,1.692024,1.692024,0.05
308,0.0293,Soul Core of Tacati,Socketable / Soul Cores,0.15,-1,1.0,Soul Core of Tacati,Soul Cores,currency,0.087808,0.087808,467,1.708269,1.708269,0.05
309,0.0289,Void Flux,Crafted Currency / Flux,0.132,-1,1.0,Void Flux,Expedition Coinage & Artifacts,currency,0.076408,0.076408,120,1.727572,1.727572,0.05
310,0.0288,Lesser Desert Rune,Socketable / Runes,0.03,-1,1.0,Lesser Desert Rune,Runes,currency,0.017278,0.017278,41,1.736332,1.736332,0.05
311,0.0288,Ancient Rune of Discovery,Socketable / Runes,0.02,-1,1.0,Ancient Rune of Discovery,Runes,currency,0.011518,0.011518,1,1.736481,1.736481,0.05
312,0.028,Warding Rune of Armature,Socketable / Runes,0.02,-1,1.0,Warding Rune of Armature,Runes,currency,0.011188,0.011188,7,1.787554,1.787554,0.05
313,0.0274,Chilling Flux,Crafted Currency / Flux,0.077,-1,1.0,Chilling Flux,Expedition Coinage & Artifacts,currency,0.042122,0.042122,201,1.828044,1.828044,0.05
314,0.0269,Lesser Rebirth Rune,Socketable / Runes,0.03,-1,1.0,Lesser Rebirth Rune,Runes,currency,0.016125,0.016125,1,1.860516,1.860516,0.05
315,0.0269,Essence of Seeking,Crafted Currency / Essences,0.022,-1,1.0,Essence of Seeking,Essences,currency,0.01182,0.01182,7,1.861227,1.861227,0.05
316,0.0269,Lesser Essence of Ice,Crafted Currency / Essences,0.022,-1,1.0,Lesser Essence of Ice,Essences,currency,0.01182,0.01182,1,1.861227,1.861227,0.05
317,0.0265,Soul Core of Opiloti,Socketable / Soul Cores,0.07,-1,1.0,Soul Core of Opiloti,Soul Cores,currency,0.037116,0.037116,242,1.885979,1.885979,0.05
318,0.0262,Soul Core of Puhuarte,Socketable / Soul Cores,0.07,-1,1.0,Soul Core of Puhuarte,Soul Cores,currency,0.036741,0.036741,24,1.905228,1.905228,0.05
319,0.0253,Crackling Flux,Crafted Currency / Flux,0.077,-1,1.0,Crackling Flux,Expedition Coinage & Artifacts,currency,0.038962,0.038962,206,1.976276,1.976276,0.05
320,0.024,Warding Rune of Obsession,Socketable / Runes,0.04,-1,1.0,Warding Rune of Obsession,Runes,currency,0.019196,0.019196,3,2.083778,2.083778,0.05
321,0.0238,Farrul's Rune of the Chase,Socketable / Runes,0.11,-1,1.0,Farrul's Rune of the Chase,Runes,currency,0.052387,0.052387,127,2.099752,2.099752,0.05
322,0.0235,idol of Sirrius,Socketable / Idol,0.15,-1,1.0,Idol of Sirrius,Idols,currency,0.070492,0.070492,168,2.127912,2.127912,0.05
323,0.021,Chayula's Catalyst,Crafted Currency / Breach Catalysts,0.033,-1,1.0,Chayula's Catalyst,Breach,currency,0.013883,0.013883,1888,2.37703,2.37703,0.05
324,0.0198,Thaumaturgic Flux (Level 11),Skill Gems & Support Gems / Thaumaturgic Flux,0.165,-1,1.0,Thaumaturgic Flux (Level 11),Expedition Coinage & Artifacts,currency,0.065266,0.065266,3,2.528113,2.528113,0.05
325,0.0192,Vorana's Saga,Keys ＆ Maps / Expedition Coinace &amp; Artifacts,0.11,-1,1.0,Vorana's Saga,Expedition Coinage & Artifacts,currency,0.042295,0.042295,139,2.600752,2.600752,0.05
326,0.0186,Katla's Gloom,Socketable / Runes,0.24,-1,1.0,Katla's Gloom,Runes,currency,0.089073,0.089073,68,2.69441,2.69441,0.05
327,0.0177,The Runebinder's Alloy,Crafted Currency / Alloy,0.187,-1,1.0,The Runebinder's Alloy,Verisium,currency,0.066055,0.066055,37,2.830954,2.830954,0.05
328,0.0167,idol of Ralakesh,Socketable / Idol,0.15,-1,1.0,Idol of Ralakesh,Idols,currency,0.050177,0.050177,62,2.989434,2.989434,0.05
329,0.016,Esh's Catalyst,Crafted Currency / Breach Catalysts,0.066,-1,1.0,Esh's Catalyst,Breach,currency,0.021101,0.021101,5709,3.127824,3.127824,0.05
330,0.0152,Astrid's Creativity,Socketable / Runes,7.25,-1,1.0,Astrid's Creativity,Runes,currency,2.201354,2.201354,481,3.293428,3.293428,0.05
331,0.0143,Einhar's Beastrite,Skill Gems & Support Gems / Lineage Support Gems,0.0418,-1,1.0,Einhar's Beastrite,Lineage Support Gems,currency,0.011978,0.011978,10,3.48966,3.48966,0.05
332,0.014,Cadigan's Epiphany,Socketable / Runes,2.42,-1,1.0,Cadigan's Epiphany,Runes,currency,0.678512,0.678512,212,3.566629,3.566629,0.05
333,0.0135,Ire of Aldur,Socketable / Runes,0.05,-1,1.0,Ire of Aldur,Runes,currency,0.013492,0.013492,7,3.705905,3.705905,0.05
334,0.0134,Lesser Essence of Flames,Crafted Currency / Essences,0.044,-1,1.0,Lesser Essence of Flames,Essences,currency,0.01182,0.01182,1,3.722453,3.722453,0.05
335,0.0132,Simulacrum,Keys ＆ Maps / Pinnacle Boss Keys,14.091,-1,1.0,Simulacrum,Fragments,currency,3.721395,3.721395,4210,3.786483,3.786483,0.05
336,0.0126,Medved's Saga,Keys ＆ Maps / Expedition Coinace &amp; Artifacts,0.11,-1,1.0,Medved's Saga,Expedition Coinage & Artifacts,currency,0.02762,0.02762,188,3.982618,3.982618,0.05
337,0.0122,Thaumaturgic Flux (Level 13),Skill Gems & Support Gems / Thaumaturgic Flux,0.165,-1,1.0,Thaumaturgic Flux (Level 13),Expedition Coinage & Artifacts,currency,0.040183,0.040183,9,4.10617,4.10617,0.05
338,0.0117,Tul's Catalyst,Crafted Currency / Breach Catalysts,0.066,-1,1.0,Tul's Catalyst,Breach,currency,0.015491,0.015491,8598,4.260456,4.260456,0.05
339,0.0117,Xoph's Catalyst,Crafted Currency / Breach Catalysts,0.066,-1,1.0,Xoph's Catalyst,Breach,currency,0.015476,0.015476,5060,4.264735,4.264735,0.05
340,0.0116,Opiloti's Soul Core of Assault,Socketable / Soul Cores,1.12,-1,1.0,Opiloti's Soul Core of Assault,Soul Cores,currency,0.258741,0.258741,16,4.328648,4.328648,0.05
341,0.0107,Lesser Essence of Sorcery,Crafted Currency / Essences,0.055,-1,1.0,Lesser Essence of Sorcery,Essences,currency,0.01182,0.01182,4,4.653067,4.653067,0.05
342,0.0107,Lesser Essence of Opulence,Crafted Currency / Essences,0.099,-1,1.0,Lesser Essence of Opulence,Essences,currency,0.021276,0.021276,2,4.653067,4.653067,0.05
343,0.0105,Thaumaturgic Flux (Level 10),Skill Gems & Support Gems / Thaumaturgic Flux,0.165,-1,1.0,Thaumaturgic Flux (Level 10),Expedition Coinage & Artifacts,currency,0.034553,0.034553,3,4.775324,4.775324,0.05
344,0.0095,Vorana's Carnage,Socketable / Runes,0.07,-1,1.0,Vorana's Carnage,Runes,currency,0.013245,0.013245,12,5.284943,5.284943,0.05
345,0.0093,Ulaman's Gaze,Socketable / Gaze,1.87,-1,1.0,Ulaman's Gaze,Abyssal Bones,currency,0.34835,0.34835,5,5.368164,5.368164,0.05
346,0.0093,The Runefather's Alloy,Crafted Currency / Alloy,0.066,-1,1.0,The Runefather's Alloy,Verisium,currency,0.012237,0.012237,16,5.393307,5.393307,0.05
347,0.0093,Adaptive Alloy,Crafted Currency / Alloy,0.957,-1,1.0,Adaptive Alloy,Verisium,currency,0.177098,0.177098,109,5.403784,5.403784,0.05
348,0.0088,Celestial Alloy,Crafted Currency / Alloy,3.036,-1,1.0,Celestial Alloy,Verisium,currency,0.536292,0.536292,271,5.6611,5.6611,0.05
349,0.0068,Kulemak's Invitation,Keys ＆ Maps / Pinnacle Boss Keys,21.989,-1,1.0,Kulemak's Invitation,Fragments,currency,2.97328,2.97328,4798,7.395537,7.395537,0.05
350,0.0064,Brutus' Brain,Skill Gems & Support Gems / Lineage Support Gems,0.5577,-1,1.0,Brutus' Brain,Lineage Support Gems,currency,0.07162,0.07162,68,7.78688,7.78688,0.05
351,0.0062,Protective Alloy,Crafted Currency / Alloy,0.957,-1,1.0,Protective Alloy,Verisium,currency,0.11796,0.11796,79,8.112927,8.112927,0.05
352,0.0051,Thaumaturgic Flux (Level 19),Skill Gems & Support Gems / Thaumaturgic Flux,0.165,-1,1.0,Thaumaturgic Flux (Level 19),Expedition Coinage & Artifacts,currency,0.016928,0.016928,23,9.746953,9.746953,0.05
353,0.0047,Thaumaturgic Flux (Level 20),Skill Gems & Support Gems / Thaumaturgic Flux,1.98,-1,1.0,Thaumaturgic Flux (Level 20),Expedition Coinage & Artifacts,currency,0.185884,0.185884,22,10.651796,10.651796,0.05
354,0.0044,Thaumaturgic Flux (Level 18),Skill Gems & Support Gems / Thaumaturgic Flux,0.165,-1,1.0,Thaumaturgic Flux (Level 18),Expedition Coinage & Artifacts,currency,0.014397,0.014397,8,11.460778,11.460778,0.05
355,0.0036,Thaumaturgic Flux (Level 16),Skill Gems & Support Gems / Thaumaturgic Flux,0.165,-1,1.0,Thaumaturgic Flux (Level 16),Expedition Coinage & Artifacts,currency,0.011773,0.011773,9,14.014538,14.014538,0.05
356,0.0019,Liquid Despair,Crafted Currency / Distilled Items,0.462,-1,1.0,Liquid Despair,Delirium,currency,0.017483,0.017483,529,26.425866,26.425866,0.05
357,0.0019,Runic Alloy,Crafted Currency / Alloy,0.957,-1,1.0,Runic Alloy,Verisium,currency,0.03621,0.03621,110,26.429402,26.429402,0.05
358,0.0017,Tecrod's Revenge,Skill Gems & Support Gems / Lineage Support Gems,0.7469,-1,1.0,Tecrod's Revenge,Lineage Support Gems,currency,0.024834,0.024834,41,30.076097,30.076097,0.05
359,0.0016,Expansive Alloy,Crafted Currency / Alloy,0.957,-1,1.0,Expansive Alloy,Verisium,currency,0.029703,0.029703,150,32.219244,32.219244,0.05
360,0.0004,Romira's Requital,Skill Gems & Support Gems / Lineage Support Gems,2.189,-1,1.0,Romira's Requital,Lineage Support Gems,currency,0.015469,0.015469,28,141.513032,141.513032,0.05
361,0.0001,Warding Rune of Nourishment,Socketable / Runes,24.29,-1,1.0,Warding Rune of Nourishment,Runes,currency,0.04607,0.04607,2,527.239175,527.239175,0.05
362,0.0001,Swift Alloy,Crafted Currency / Alloy,10.89,-1,1.0,Swift Alloy,Verisium,currency,0.014256,0.014256,197,763.904857,763.904857,0.05
363,0.0,Dominus' Grasp,Skill Gems & Support Gems / Lineage Support Gems,86.075,-1,1.0,Dominus' Grasp,Lineage Support Gems,currency,0.047465,0.047465,78,1813.449583,1813.449583,0.05
